id,observed_on,time_observed_at,time_zone,created_at,description,captive_cultivated,place_guess,latitude,longitude,geoprivacy,taxon_geoprivacy,coordinates_obscured,positioning_device,species_guess,scientific_name,common_name,iconic_taxon_name,taxon_id
80734,2012-05-18,,Eastern Time (US & Canada),2012-05-20 03:33:37 UTC,"",false,"Ohio, US",41.4137258546,-83.8341973599,,obscured,true,,Karner Blue,Plebejus samuelis,Karner Blue,Insecta,484122
244385,2012-05-08,2012-05-08 15:40:23 UTC,Eastern Time (US & Canada),2013-04-24 20:44:48 UTC,"",false,"Michigan, US",42.4051219055,-86.055255964,obscured,obscured,true,,Karner Blue,Plebejus samuelis,Karner Blue,Insecta,484122
557666,2013-06-16,2013-06-16 19:45:28 UTC,Central Time (US & Canada),2014-03-08 13:46:52 UTC,"A federally endgangered species.
Canoe Landing Prairie State Natural Area, Eau Claire Co., WI",false,"Wisconsin, US",44.7763355581,-90.8878449368,,obscured,true,"",Karner Blue,Plebejus samuelis,Karner Blue,Insecta,484122
846948,2014-08-24,2014-08-24 18:29:23 UTC,Central Time (US & Canada),2014-08-25 04:20:06 UTC,"A federally endangered species.
Coon Fork Barrens State Natural Area, Eau Claire Co., WI",false,"Wisconsin, US",44.6396177578,-91.0784104605,,obscured,true,"",Karner Blue,Plebejus samuelis,Karner Blue,Insecta,484122
1727974,2015-07-05,,Eastern Time (US & Canada),2015-07-06 03:54:17 UTC,In preserve/habitat managed specifically for this species that has been at this location every summer with 2 witnessed broods. This is the emerging second brood for 2015.,false,"New York, US",43.0684594106,-73.7361113993,,obscured,true,,Karner Blue,Plebejus samuelis,Karner Blue,Insecta,484122
3385081,2016-06-02,2016-06-02 14:50:41 UTC,Central Time (US & Canada),2016-06-05 06:27:59 UTC,"Necedah National Wildlife Refuge, WI",false,"Wisconsin, US",44.0229069934,-90.0468328333,,obscured,true,"",Karner Blue,Plebejus samuelis,Karner Blue,Insecta,484122
3385141,2016-06-02,2016-06-02 16:53:09 UTC,Central Time (US & Canada),2016-06-05 06:43:40 UTC,"Necedah National Wildlife Refuge, WI",false,"Wisconsin, US",44.0218316147,-90.1832869751,,obscured,true,"",Karner Blue,Plebejus samuelis,Karner Blue,Insecta,484122
3396460,2016-06-06,2016-06-06 15:01:27 UTC,Eastern Time (US & Canada),2016-06-06 20:45:16 UTC,,false,"Michigan, US",43.4866204282,-85.67677761,,obscured,true,,Karner Blue,Plebejus samuelis,Karner Blue,Insecta,484122
3743937,2016-06-09,2016-06-09 20:50:00 UTC,Hawaii,2016-07-25 16:06:30 UTC,,false,"Michigan, US",43.5381428602,-85.7243128609,,obscured,true,,Karner Blue,Plebejus samuelis,Karner Blue,Insecta,484122
3927923,2016-07-15,2016-07-15 17:10:00 UTC,Central Time (US & Canada),2016-08-20 23:59:12 UTC,                               ,false,"Wisconsin, US",44.0608928074,-90.1659004786,,obscured,true,,Karner Blue,Plebejus samuelis,Karner Blue,Insecta,484122
3947709,2016-07-19,2016-07-19 18:54:18 UTC,Eastern Time (US & Canada),2016-08-23 17:37:26 UTC,Was sitting on some grasses in the Manistee National Forest. Photo was taken during the Karner Blue Butterfly survey. ,false,"Michigan, US",43.4586496659,-86.3697095926,,obscured,true,,Karner Blue,Plebejus samuelis,Karner Blue,Insecta,484122
4014358,2016-09-01,2016-09-01 18:13:00 UTC,Pacific Time (US & Canada),2016-09-02 00:52:43 UTC,,false,"Wisconsin, US",44.0803669741,-90.1093588538,,obscured,true,,Karner Blue,Plebejus samuelis,Karner Blue,Insecta,484122
5443571,2013-08-10,2013-08-10 15:07:30 UTC,Pacific Time (US & Canada),2017-03-24 17:33:22 UTC,"Necedah National Wildlife Refuge, Wisconsin
10 August 2013",false,"Wisconsin, US",44.0269357278,-90.1013161091,,obscured,true,"",Karner Blue,Plebejus samuelis,Karner Blue,Insecta,484122
6018092,2014-07-19,2014-07-19 14:46:00 UTC,Eastern Time (US & Canada),2017-04-30 03:02:17 UTC,,false,"New York, US",43.1485053144,-73.7884921761,,obscured,true,,Karner Blue,Plebejus samuelis,Karner Blue,Insecta,484122
6515129,2017-06-05,2017-06-05 09:51:00 UTC,Central Time (US & Canada),2017-06-05 23:36:25 UTC,"Subfamily Blues

Polyommatinae ",false,"Wisconsin, US",43.9939062301,-89.1685033393,obscured,obscured,true,,Karner Blue,Plebejus samuelis,Karner Blue,Insecta,484122
6543918,2017-06-06,2017-06-06 15:08:00 UTC,Central Time (US & Canada),2017-06-08 02:29:19 UTC,,false,"Wisconsin, US",43.8778084754,-89.3667809004,,obscured,true,,Karner Blue,Plebejus samuelis,Karner Blue,Insecta,484122
6543921,2017-06-06,2017-06-06 15:36:00 UTC,Central Time (US & Canada),2017-06-08 02:29:20 UTC,,false,"Wisconsin, US",43.8100131545,-89.2554310151,,obscured,true,,Karner Blue,Plebejus samuelis,Karner Blue,Insecta,484122
6555277,2017-06-06,2017-06-06 16:41:00 UTC,Central Time (US & Canada),2017-06-09 01:41:26 UTC,,false,"Wisconsin, US",44.1862272526,-89.1444108112,,obscured,true,,Karner Blue,Plebejus samuelis,Karner Blue,Insecta,484122
6569903,2017-06-09,2017-06-09 22:35:43 UTC,Central Time (US & Canada),2017-06-10 03:18:46 UTC,,false,United States,45.7170764031,-92.6104173251,obscured,obscured,true,,Karner Blue,Plebejus samuelis,Karner Blue,Insecta,484122
6594810,2017-06-09,2017-06-10 02:21:00 UTC,Eastern Time (US & Canada),2017-06-11 20:35:27 UTC,Can just make out the orange crescents on the top wings. ,false,"New York, US",42.6200650201,-73.9898895512,obscured,obscured,true,,Karner Blue,Plebejus samuelis,Karner Blue,Insecta,484122
6991554,2017-07-09,2017-07-09 05:53:00 UTC,Eastern Time (US & Canada),2017-07-10 03:06:27 UTC,"",false,"New York, US",42.6085275275,-73.9507658241,obscured,obscured,true,,Karner Blue,Plebejus samuelis,Karner Blue,Insecta,484122
7103874,2017-06-15,2017-06-15 15:09:55 UTC,Eastern Time (US & Canada),2017-07-18 16:05:14 UTC,,false,"New York, US",42.6914837205,-73.8604961046,,obscured,true,,Karner Blue,Plebejus samuelis,Karner Blue,Insecta,484122
7287262,2017-07-22,2017-07-22 16:23:00 UTC,Central Time (US & Canada),2017-07-31 01:06:19 UTC,,false,"Wisconsin, US",43.9585417498,-89.2119121336,obscured,obscured,true,,Karner Blue,Plebejus samuelis,Karner Blue,Insecta,484122
7428995,2017-06-04,,UTC,2017-08-10 01:19:50 UTC,,false,"New York, US",43.0841427831,-73.6331665598,,obscured,true,,Karner Blue,Plebejus samuelis,Karner Blue,Insecta,484122
7433933,2017-07-14,2017-07-14 17:42:31 UTC,Eastern Time (US & Canada),2017-08-10 14:33:31 UTC,,false,"Merrimack County, US-NH, US",43.3049049844,-71.4831598012,,obscured,true,,Karner Blue,Plebejus samuelis,Karner Blue,Insecta,484122
7535102,2017-06-01,2017-06-01 18:59:00 UTC,Hawaii,2017-08-17 21:41:02 UTC,,false,"Jackson County, US-WI, US",44.3676652924,-90.6539205243,obscured,obscured,true,,Karner Blue,Plebejus samuelis,Karner Blue,Insecta,484122
7535286,2017-05-31,2017-06-01 01:06:00 UTC,Hawaii,2017-08-17 22:04:50 UTC,,false,"Wisconsin, US",44.1122867889,-90.024791613,,obscured,true,,Karner Blue,Plebejus samuelis,Karner Blue,Insecta,484122
8436331,2017-06-10,2017-06-10 21:11:00 UTC,Hawaii,2017-10-17 03:19:14 UTC,,false,"Michigan, US",43.5648294805,-85.6888583254,,obscured,true,,Karner Blue,Plebejus samuelis,Karner Blue,Insecta,484122
8446674,2013-07-17,2013-07-17 14:33:00 UTC,Eastern Time (US & Canada),2017-10-18 00:06:08 UTC,"Perched on dotted horsemint, common in this patch of early successional habitat on an old parking lot",false,"New York, US",42.7915286525,-73.9041663193,,obscured,true,,Karner Blue,Plebejus samuelis,Karner Blue,Insecta,484122
8778668,2013-07-17,2013-07-17 14:53:00 UTC,Eastern Time (US & Canada),2017-11-12 13:14:53 UTC,odd wing deformity,false,"New York, US",42.7037790923,-73.9839515505,,obscured,true,,Karner Blue,Plebejus samuelis,Karner Blue,Insecta,484122
9003001,2015-07-13,2015-07-13 13:56:00 UTC,Eastern Time (US & Canada),2017-12-01 01:28:57 UTC,Female,false,"New York, US",42.6916099165,-73.999917346,,obscured,true,,Karner Blue,Plebejus samuelis,Karner Blue,Insecta,484122
9172854,2017-07-28,2017-07-28 16:28:05 UTC,Eastern Time (US & Canada),2017-12-16 21:04:52 UTC,,false,"Wisconsin, US",43.8563676775,-90.0163002516,,obscured,true,,Karner Blue,Plebejus samuelis,Karner Blue,Insecta,484122
9182821,2013-07-11,2013-07-11 15:44:00 UTC,Eastern Time (US & Canada),2017-12-17 22:27:50 UTC,,false,"New York, US",42.6461955164,-73.8715678025,,obscured,true,,Karner Blue,Plebejus samuelis,Karner Blue,Insecta,484122
9382796,2016-07-11,2016-07-11 13:11:00 UTC,Eastern Time (US & Canada),2018-01-06 17:02:45 UTC,Male,false,"New York, US",42.704148636,-73.8623615648,,obscured,true,,Karner Blue,Plebejus samuelis,Karner Blue,Insecta,484122
9382823,2016-07-11,2016-07-11 12:51:00 UTC,Eastern Time (US & Canada),2018-01-06 17:07:07 UTC,Female,false,"New York, US",42.7457408843,-73.8116499232,,obscured,true,,Karner Blue,Plebejus samuelis,Karner Blue,Insecta,484122
10035657,2017-07-18,2017-07-18 18:36:57 UTC,Central Time (US & Canada),2018-02-28 20:59:23 UTC,"",false,,,,private,obscured,true,,Karner Blue,Plebejus samuelis,Karner Blue,Insecta,484122
10490535,2017-06-02,2017-06-02 06:50:00 UTC,Eastern Time (US & Canada),2018-03-29 16:06:08 UTC,Karner Blue butterfly on lupine,false,"New York, US",43.0827279837,-73.6384190594,,obscured,true,,Karner Blue,Plebejus samuelis,Karner Blue,Insecta,484122
13063087,2018-06-02,2018-06-02 21:38:25 UTC,Eastern Time (US & Canada),2018-06-03 01:39:25 UTC,,false,"New York, US",42.700707107,-73.9316517475,,obscured,true,,Karner Blue,Plebejus samuelis,Karner Blue,Insecta,484122
13063089,2018-06-02,2018-06-03 01:38:41 UTC,Eastern Time (US & Canada),2018-06-03 01:39:30 UTC,,false,"Saratoga County, US-NY, US",43.027977385,-73.8883128338,,obscured,true,,Karner Blue,Plebejus samuelis,Karner Blue,Insecta,484122
13120590,2018-06-04,2018-06-04 18:43:38 UTC,Eastern Time (US & Canada),2018-06-04 19:16:47 UTC,,false,"New York, US",42.7458183798,-73.9227638708,,obscured,true,,Karner Blue,Plebejus samuelis,Karner Blue,Insecta,484122
13147876,2018-06-05,2018-06-05 17:15:42 UTC,Central Time (US & Canada),2018-06-05 17:17:45 UTC,Male,false,,,,private,obscured,true,gps,Karner Blue,Plebejus samuelis,Karner Blue,Insecta,484122
13153151,2018-06-05,2018-06-05 18:25:38 UTC,Eastern Time (US & Canada),2018-06-05 20:11:21 UTC,Never saw the underside of wings. May not be able to identify to species level.,false,"New York, US",42.7585652789,-73.8003962117,,obscured,true,,Karner Blue,Plebejus samuelis,Karner Blue,Insecta,484122
13172993,2018-06-05,2018-06-05 17:49:32 UTC,Central Time (US & Canada),2018-06-06 13:32:10 UTC,Female,false,,,,private,obscured,true,gps,Karner Blue,Plebejus samuelis,Karner Blue,Insecta,484122
13177323,2018-06-06,2018-06-06 13:42:20 UTC,Eastern Time (US & Canada),2018-06-06 16:12:18 UTC,,false,"New York, US",42.6707015973,-73.9797918113,,obscured,true,,Karner Blue,Plebejus samuelis,Karner Blue,Insecta,484122
13181479,2018-06-05,2018-06-05 17:46:06 UTC,Central Time (US & Canada),2018-06-06 18:23:54 UTC,Did not see if male or female,false,,,,private,obscured,true,gps,Karner Blue,Plebejus samuelis,Karner Blue,Insecta,484122
13185309,2018-05-31,2018-05-31 17:33:28 UTC,Central Time (US & Canada),2018-06-06 20:38:57 UTC,,false,"Wisconsin, US",44.0550816901,-90.7944618666,obscured,obscured,true,,Karner Blue,Plebejus samuelis,Karner Blue,Insecta,484122
13240777,2018-06-08,2018-06-08 19:26:00 UTC,Atlantic Time (Canada),2018-06-08 20:28:08 UTC,,false,"New York, US",43.0129478212,-73.6606898621,,obscured,true,,Karner Blue,Plebejus samuelis,Karner Blue,Insecta,484122
13240790,2018-06-08,2018-06-08 19:26:00 UTC,Atlantic Time (Canada),2018-06-08 20:28:13 UTC,,false,"New York, US",43.0299448792,-73.6187732339,,obscured,true,,Karner Blue,Plebejus samuelis,Karner Blue,Insecta,484122
13274784,2018-06-09,2018-06-09 17:33:30 UTC,Central Time (US & Canada),2018-06-09 21:37:23 UTC,,false,"Wisconsin, US",44.3662586906,-89.3201113061,obscured,obscured,true,,Karner Blue,Plebejus samuelis,Karner Blue,Insecta,484122
13274969,2018-06-09,2018-06-09 18:00:57 UTC,Central Time (US & Canada),2018-06-09 21:39:56 UTC,,false,"Wisconsin, US",44.2460419316,-89.309245945,obscured,obscured,true,,Karner Blue,Plebejus samuelis,Karner Blue,Insecta,484122
13276197,2018-06-09,2018-06-09 18:01:30 UTC,Central Time (US & Canada),2018-06-09 22:18:46 UTC,,false,"Wisconsin, US",44.323374271,-89.343627043,obscured,obscured,true,,Karner Blue,Plebejus samuelis,Karner Blue,Insecta,484122
13309244,2018-06-10,2018-06-10 19:12:43 UTC,Central Time (US & Canada),2018-06-10 20:15:25 UTC,,false,"Wisconsin, US",44.1624536723,-90.0378203781,,obscured,true,,Karner Blue,Plebejus samuelis,Karner Blue,Insecta,484122
13309503,2018-06-10,2018-06-10 19:22:43 UTC,Central Time (US & Canada),2018-06-10 20:22:13 UTC,,false,"Wisconsin, US",44.013606907,-90.0185734215,,obscured,true,,Karner Blue,Plebejus samuelis,Karner Blue,Insecta,484122
13309613,2018-06-10,2018-06-10 19:26:33 UTC,Central Time (US & Canada),2018-06-10 20:25:05 UTC,,false,"Wisconsin, US",44.0418160445,-90.1206640986,,obscured,true,,Karner Blue,Plebejus samuelis,Karner Blue,Insecta,484122
13362875,2018-06-09,2018-06-09 19:29:00 UTC,Central Time (US & Canada),2018-06-12 13:31:57 UTC,,false,"Wisconsin, US",43.9648390012,-89.3964604919,obscured,obscured,true,,Karner Blue,Plebejus samuelis,Karner Blue,Insecta,484122
13371297,2018-06-12,2018-06-12 18:55:43 UTC,Central Time (US & Canada),2018-06-12 19:03:47 UTC,,false,"Wisconsin, US",44.1294322974,-89.9553919856,obscured,obscured,true,,Karner Blue,Plebejus samuelis,Karner Blue,Insecta,484122
13477581,2018-06-09,2018-06-09 19:29:00 UTC,Central Time (US & Canada),2018-06-16 13:13:50 UTC,,false,,,,private,obscured,true,,Karner Blue,Plebejus samuelis,Karner Blue,Insecta,484122
13481403,2018-06-13,2018-06-13 16:31:26 UTC,Central Time (US & Canada),2018-06-16 15:44:56 UTC,,false,"Wisconsin, US",44.3761356715,-90.1831093931,obscured,obscured,true,,Karner Blue,Plebejus samuelis,Karner Blue,Insecta,484122
13483977,2018-06-16,2018-06-16 16:20:42 UTC,Central Time (US & Canada),2018-06-16 17:04:26 UTC,,false,"Wisconsin, US",44.2795740209,-89.216469854,obscured,obscured,true,,Karner Blue,Plebejus samuelis,Karner Blue,Insecta,484122
13485711,2018-06-16,2018-06-16 16:12:11 UTC,Central Time (US & Canada),2018-06-16 18:10:05 UTC,,false,"Wisconsin, US",44.3761473954,-89.2333482547,obscured,obscured,true,,Karner Blue,Plebejus samuelis,Karner Blue,Insecta,484122
13485738,2018-06-16,2018-06-16 16:12:04 UTC,Central Time (US & Canada),2018-06-16 18:11:28 UTC,,false,"Wisconsin, US",44.2716253572,-89.2129294695,obscured,obscured,true,,Karner Blue,Plebejus samuelis,Karner Blue,Insecta,484122
13489821,2018-06-16,2018-06-16 16:23:27 UTC,Central Time (US & Canada),2018-06-16 20:13:54 UTC,,false,"Wisconsin, US",44.2093908628,-89.2212709584,obscured,obscured,true,,Karner Blue,Plebejus samuelis,Karner Blue,Insecta,484122
13570499,2018-06-07,2018-06-07 21:41:00 UTC,Hawaii,2018-06-19 03:02:12 UTC,,false,"Michigan, US",43.4842199535,-85.6628326077,obscured,obscured,true,,Karner Blue,Plebejus samuelis,Karner Blue,Insecta,484122
13618692,2018-06-20,2018-06-20 20:23:29 UTC,Central Time (US & Canada),2018-06-20 20:24:17 UTC,,false,"Wisconsin, US",44.2609966508,-90.0164384228,,obscured,true,,Karner Blue,Plebejus samuelis,Karner Blue,Insecta,484122
13659281,2018-06-20,2018-06-20 21:22:00 UTC,Central Time (US & Canada),2018-06-22 03:56:59 UTC,"",false,"Wisconsin, US",44.3064865871,-90.0701074904,,obscured,true,,Karner Blue,Plebejus samuelis,Karner Blue,Insecta,484122
13677624,2018-06-22,2018-06-22 18:26:57 UTC,Eastern Time (US & Canada),2018-06-22 19:37:57 UTC,lycaeides melissa samuelis. female. very few are out right now because the Karners are between broods. ,false,"New York, US",42.7155816847,-73.9650774205,,obscured,true,,Karner Blue,Plebejus samuelis,Karner Blue,Insecta,484122
13697643,2018-06-22,2018-06-22 14:20:41 UTC,Central Time (US & Canada),2018-06-23 13:14:08 UTC,"",false,"Wisconsin, US",44.2862978864,-89.2074357252,obscured,obscured,true,,Karner Blue,Plebejus samuelis,Karner Blue,Insecta,484122
13698807,2018-06-22,2018-06-22 14:19:00 UTC,Central Time (US & Canada),2018-06-23 13:54:56 UTC,,false,,,,private,obscured,true,,Karner Blue,Plebejus samuelis,Karner Blue,Insecta,484122
13725181,2018-06-10,2018-06-10 19:12:41 UTC,Central Time (US & Canada),2018-06-24 03:22:12 UTC,,false,"Wisconsin, US",44.1502175325,-90.0852633488,,obscured,true,,Karner Blue,Plebejus samuelis,Karner Blue,Insecta,484122
13813702,2017-05-28,2017-05-28 20:19:00 UTC,Eastern Time (US & Canada),2018-06-26 22:05:49 UTC,,false,"New York, US",43.1878234268,-73.6972516295,,obscured,true,,Karner Blue,Plebejus samuelis,Karner Blue,Insecta,484122
13815705,2017-06-09,2017-06-09 11:43:00 UTC,Eastern Time (US & Canada),2018-06-26 23:24:06 UTC,,false,"New York, US",43.0502546033,-73.7056353484,,obscured,true,,Karner Blue,Plebejus samuelis,Karner Blue,Insecta,484122
13855572,2017-07-07,2017-07-08 00:27:00 UTC,Eastern Time (US & Canada),2018-06-28 11:09:23 UTC,,false,"New York, US",43.1976105122,-73.7996525828,,obscured,true,,Karner Blue,Plebejus samuelis,Karner Blue,Insecta,484122
13855961,2017-07-08,2017-07-08 16:29:00 UTC,Eastern Time (US & Canada),2018-06-28 11:45:23 UTC,,false,"New York, US",43.1859599996,-73.7790944333,,obscured,true,,Karner Blue,Plebejus samuelis,Karner Blue,Insecta,484122
13884025,2017-07-28,2017-07-28 20:48:00 UTC,Eastern Time (US & Canada),2018-06-29 13:51:43 UTC,,false,"New York, US",43.0181223987,-73.7503205284,,obscured,true,,Karner Blue,Plebejus samuelis,Karner Blue,Insecta,484122
13884133,2017-07-28,2017-07-28 21:19:00 UTC,Eastern Time (US & Canada),2018-06-29 13:57:56 UTC,,false,"New York, US",43.0322640106,-73.6897595775,,obscured,true,,Karner Blue,Plebejus samuelis,Karner Blue,Insecta,484122
13932650,2018-06-30,2018-06-30 16:26:00 UTC,Eastern Time (US & Canada),2018-07-01 01:43:12 UTC,,false,"Michigan, US",42.5307204475,-86.1739016769,,obscured,true,,Karner Blue,Plebejus samuelis,Karner Blue,Insecta,484122
13943000,2018-05-30,2018-05-30 17:20:00 UTC,Eastern Time (US & Canada),2018-07-01 12:37:23 UTC,,false,"New York, US",43.1409272333,-73.7154420329,,obscured,true,,Karner Blue,Plebejus samuelis,Karner Blue,Insecta,484122
14071337,2018-07-03,2018-07-03 17:13:31 UTC,Central Time (US & Canada),2018-07-05 13:34:45 UTC,Caterpillar on lupine tended by ants,false,"Wisconsin, US",43.8321297275,-90.5307473304,obscured,obscured,true,,Karner Blue,Plebejus samuelis,Karner Blue,Insecta,484122
14090243,2018-07-05,2018-07-05 12:55:00 UTC,Eastern Time (US & Canada),2018-07-06 00:58:56 UTC,,false,"Michigan, US",43.5272561846,-85.6770442664,,obscured,true,,Karner Blue,Plebejus samuelis,Karner Blue,Insecta,484122
14144069,2018-07-07,2018-07-07 18:00:25 UTC,Eastern Time (US & Canada),2018-07-07 21:05:48 UTC,At least 2 adult males flying at Green Trail.  Albany Pine Bush Preserve.,false,"New York, US",42.7592820973,-73.9140971478,,obscured,true,,Karner Blue,Plebejus samuelis,Karner Blue,Insecta,484122
14262189,2018-07-11,2018-07-11 14:32:30 UTC,Eastern Time (US & Canada),2018-07-11 16:35:06 UTC,,false,"New York, US",42.7647417097,-73.9546714494,,obscured,true,,Karner Blue,Plebejus samuelis,Karner Blue,Insecta,484122
14262264,2018-07-07,2018-07-07 16:28:34 UTC,Eastern Time (US & Canada),2018-07-11 16:38:33 UTC,,false,"New York, US",42.6850491164,-73.8951674487,,obscured,true,,Karner Blue,Plebejus samuelis,Karner Blue,Insecta,484122
14291610,2018-07-12,2018-07-12 14:30:16 UTC,Eastern Time (US & Canada),2018-07-12 17:01:28 UTC,on invasive spotted knapweed ,false,"New York, US",42.7259023342,-73.8681774771,,obscured,true,,Karner Blue,Plebejus samuelis,Karner Blue,Insecta,484122
14313721,2018-07-12,2018-07-12 18:09:38 UTC,Central Time (US & Canada),2018-07-13 13:26:33 UTC,,false,"Wisconsin, US",44.168015029,-90.0641362685,,obscured,true,,Karner Blue,Plebejus samuelis,Karner Blue,Insecta,484122
14369244,2018-07-14,2018-07-14 16:12:00 UTC,Central Time (US & Canada),2018-07-15 01:40:28 UTC,"",false,"Wisconsin, US",43.9226398541,-89.3629288584,,obscured,true,,Karner Blue,Plebejus samuelis,Karner Blue,Insecta,484122
14369247,2018-07-14,2018-07-14 16:08:00 UTC,Central Time (US & Canada),2018-07-15 01:40:30 UTC,"",false,"Wisconsin, US",43.8691174479,-89.2852324735,,obscured,true,,Karner Blue,Plebejus samuelis,Karner Blue,Insecta,484122
14369248,2018-07-14,2018-07-14 16:01:00 UTC,Central Time (US & Canada),2018-07-15 01:40:32 UTC,"",false,"Wisconsin, US",43.97713848,-89.288429117,,obscured,true,,Karner Blue,Plebejus samuelis,Karner Blue,Insecta,484122
14369250,2018-07-14,2018-07-14 16:03:00 UTC,Central Time (US & Canada),2018-07-15 01:40:33 UTC,"",false,"Wisconsin, US",43.9342431246,-89.2553068785,,obscured,true,,Karner Blue,Plebejus samuelis,Karner Blue,Insecta,484122
14369251,2018-07-14,2018-07-14 16:00:00 UTC,Central Time (US & Canada),2018-07-15 01:40:35 UTC,"",false,"Wisconsin, US",43.8210997063,-89.3144182211,,obscured,true,,Karner Blue,Plebejus samuelis,Karner Blue,Insecta,484122
14369252,2018-07-14,2018-07-14 15:59:00 UTC,Central Time (US & Canada),2018-07-15 01:40:36 UTC,"",false,"Wisconsin, US",43.976075644,-89.3253096731,,obscured,true,,Karner Blue,Plebejus samuelis,Karner Blue,Insecta,484122
14369253,2018-07-14,2018-07-14 15:57:00 UTC,Central Time (US & Canada),2018-07-15 01:40:36 UTC,"",false,"Wisconsin, US",43.8331115584,-89.3953798124,,obscured,true,,Karner Blue,Plebejus samuelis,Karner Blue,Insecta,484122
14369259,2018-07-14,2018-07-14 15:30:00 UTC,Central Time (US & Canada),2018-07-15 01:40:40 UTC,"",false,"Wisconsin, US",43.9582617772,-89.3141420308,,obscured,true,,Karner Blue,Plebejus samuelis,Karner Blue,Insecta,484122
14369263,2018-07-14,2018-07-14 15:32:00 UTC,Central Time (US & Canada),2018-07-15 01:40:41 UTC,"",false,"Wisconsin, US",43.9928226265,-89.3594165816,,obscured,true,,Karner Blue,Plebejus samuelis,Karner Blue,Insecta,484122
14369264,2018-07-14,2018-07-14 15:22:00 UTC,Central Time (US & Canada),2018-07-15 01:40:41 UTC,"",false,"Wisconsin, US",43.839215777,-89.3620374013,,obscured,true,,Karner Blue,Plebejus samuelis,Karner Blue,Insecta,484122
14369269,2018-07-14,2018-07-14 15:17:00 UTC,Central Time (US & Canada),2018-07-15 01:40:44 UTC,"",false,"Wisconsin, US",43.8137400051,-89.3584472475,,obscured,true,,Karner Blue,Plebejus samuelis,Karner Blue,Insecta,484122
14369271,2018-07-14,2018-07-14 15:08:00 UTC,Central Time (US & Canada),2018-07-15 01:40:46 UTC,"",false,"Wisconsin, US",43.8996547976,-89.2256122474,,obscured,true,,Karner Blue,Plebejus samuelis,Karner Blue,Insecta,484122
14369272,2018-07-14,2018-07-14 15:14:00 UTC,Central Time (US & Canada),2018-07-15 01:40:47 UTC,"",false,"Wisconsin, US",43.8420590546,-89.2381238538,,obscured,true,,Karner Blue,Plebejus samuelis,Karner Blue,Insecta,484122
14369274,2018-07-14,2018-07-14 15:06:00 UTC,Central Time (US & Canada),2018-07-15 01:40:48 UTC,"",false,"Wisconsin, US",43.8293731219,-89.3100416028,,obscured,true,,Karner Blue,Plebejus samuelis,Karner Blue,Insecta,484122
14369276,2018-07-14,2018-07-14 15:04:00 UTC,Central Time (US & Canada),2018-07-15 01:40:50 UTC,"",false,"Wisconsin, US",43.960008539,-89.3412188277,,obscured,true,,Karner Blue,Plebejus samuelis,Karner Blue,Insecta,484122
14370656,2018-07-14,2018-07-14 16:46:00 UTC,Central Time (US & Canada),2018-07-15 02:27:53 UTC,,false,,,,private,obscured,true,,Karner Blue,Plebejus samuelis,Karner Blue,Insecta,484122
14396144,2018-07-14,2018-07-14 14:56:00 UTC,Central Time (US & Canada),2018-07-15 22:16:19 UTC,,false,,,,private,obscured,true,,Karner Blue,Plebejus samuelis,Karner Blue,Insecta,484122
14396645,2018-07-15,2018-07-15 14:45:00 UTC,Central Time (US & Canada),2018-07-15 22:33:15 UTC,,false,,,,private,obscured,true,,Karner Blue,Plebejus samuelis,Karner Blue,Insecta,484122
14426046,2018-07-16,2018-07-16 17:53:00 UTC,Central Time (US & Canada),2018-07-16 21:16:45 UTC,,false,,,,private,obscured,true,,Karner Blue,Plebejus samuelis,Karner Blue,Insecta,484122
14435292,2009-08-09,2009-08-09 16:12:00 UTC,Eastern Time (US & Canada),2018-07-17 03:33:59 UTC,,false,"Wisconsin, US",44.1604799559,-90.1919422368,,obscured,true,,Karner Blue,Plebejus samuelis,Karner Blue,Insecta,484122
14467344,2018-07-17,2018-07-17 22:09:17 UTC,Central Time (US & Canada),2018-07-18 02:38:31 UTC,,false,"Wisconsin, US",44.0394657808,-90.1012952021,,obscured,true,,Karner Blue,Plebejus samuelis,Karner Blue,Insecta,484122
14494168,2018-07-18,2018-07-18 20:24:38 UTC,Central Time (US & Canada),2018-07-18 21:04:42 UTC,,false,"Wisconsin, US",44.8741277424,-91.1521623167,obscured,obscured,true,,Karner Blue,Plebejus samuelis,Karner Blue,Insecta,484122
14528686,2018-07-19,,Central Time (US & Canada),2018-07-19 23:44:00 UTC,"Observed two Karner Blue, sex not determined due to windy conditions. ",false,"Wisconsin, US",44.323284185,-89.2451149501,obscured,obscured,true,,Karner Blue,Plebejus samuelis,Karner Blue,Insecta,484122
14539534,2018-07-14,2018-07-14 19:56:00 UTC,Central Time (US & Canada),2018-07-20 12:41:55 UTC,,false,"Wisconsin, US",43.8783557664,-89.0626035966,,obscured,true,,Karner Blue,Plebejus samuelis,Karner Blue,Insecta,484122
14580128,2018-07-21,2018-07-21 19:21:06 UTC,Eastern Time (US & Canada),2018-07-21 19:23:19 UTC,,false,"New York, US",42.6554692405,-73.9508583854,,obscured,true,,Karner Blue,Plebejus samuelis,Karner Blue,Insecta,484122
14581684,2018-07-21,2018-07-21 17:17:21 UTC,Central Time (US & Canada),2018-07-21 20:09:10 UTC,,false,"Wisconsin, US",44.2857832668,-90.1066708718,,obscured,true,,Karner Blue,Plebejus samuelis,Karner Blue,Insecta,484122
14620506,2018-07-22,2018-07-22 13:00:00 UTC,Central Time (US & Canada),2018-07-22 21:34:37 UTC,"",false,"Wisconsin, US",43.8950484773,-89.0734308703,obscured,obscured,true,,Karner Blue,Plebejus samuelis,Karner Blue,Insecta,484122
14630616,2018-07-22,2018-07-22 11:09:01 UTC,Ekaterinburg,2018-07-23 03:15:58 UTC,"",false,,,,private,obscured,true,gps,Karner Blue,Plebejus samuelis,Karner Blue,Insecta,484122
14650172,2018-07-23,2018-07-23 04:54:51 UTC,Ekaterinburg,2018-07-23 19:09:54 UTC,"",false,"Wisconsin, US",44.0795993169,-89.1019977113,obscured,obscured,true,gps,Karner Blue,Plebejus samuelis,Karner Blue,Insecta,484122
14718719,2018-07-24,2018-07-24 16:03:00 UTC,Eastern Time (US & Canada),2018-07-25 15:19:40 UTC,very worn individual,false,"New York, US",42.6520939356,-73.9656730517,,obscured,true,,Karner Blue,Plebejus samuelis,Karner Blue,Insecta,484122
14730597,2018-07-25,2018-07-25 22:10:59 UTC,Eastern Time (US & Canada),2018-07-25 22:13:05 UTC,,false,"Michigan, US",43.7523479307,-85.6932013871,,obscured,true,,Karner Blue,Plebejus samuelis,Karner Blue,Insecta,484122
14730683,2018-07-25,2018-07-25 21:41:08 UTC,Eastern Time (US & Canada),2018-07-25 22:16:38 UTC,,false,"Michigan, US",43.7041945381,-85.7654875111,,obscured,true,,Karner Blue,Plebejus samuelis,Karner Blue,Insecta,484122
14735972,2018-07-25,2018-07-25 15:27:00 UTC,Central Time (US & Canada),2018-07-26 01:46:36 UTC,,false,"Wisconsin, US",43.9704754129,-89.3106406626,obscured,obscured,true,,Karner Blue,Plebejus samuelis,Karner Blue,Insecta,484122
14736484,2018-07-25,2018-07-25 16:18:00 UTC,Central Time (US & Canada),2018-07-26 01:59:45 UTC,,false,"Wisconsin, US",43.9203080002,-89.2663606111,obscured,obscured,true,,Karner Blue,Plebejus samuelis,Karner Blue,Insecta,484122
14851474,2018-07-28,2018-07-28 17:19:00 UTC,Central Time (US & Canada),2018-07-28 21:50:09 UTC,Karner Blue Butterfly,false,"Wisconsin, US",43.9903759599,-89.1302210799,obscured,obscured,true,,Karner Blue,Plebejus samuelis,Karner Blue,Insecta,484122
14851668,2018-07-28,,Central Time (US & Canada),2018-07-28 21:55:52 UTC,"",false,"Wisconsin, US",43.813133955,-89.0932358986,obscured,obscured,true,,Karner Blue,Plebejus samuelis,Karner Blue,Insecta,484122
14851837,2018-07-28,,Central Time (US & Canada),2018-07-28 22:00:56 UTC,,false,"Wisconsin, US",43.99329724,-89.0100755945,obscured,obscured,true,,Karner Blue,Plebejus samuelis,Karner Blue,Insecta,484122
14852435,2018-07-28,,Central Time (US & Canada),2018-07-28 22:15:32 UTC,,false,"Wisconsin, US",43.9221239645,-89.083950912,obscured,obscured,true,,Karner Blue,Plebejus samuelis,Karner Blue,Insecta,484122
14852619,2018-07-28,2018-07-28 17:24:27 UTC,Central Time (US & Canada),2018-07-28 22:19:21 UTC,,false,"Wisconsin, US",43.8322338461,-89.1856665059,obscured,obscured,true,,Karner Blue,Plebejus samuelis,Karner Blue,Insecta,484122
15024910,2018-08-01,2018-08-01 19:20:01 UTC,Central Time (US & Canada),2018-08-01 19:57:21 UTC,,false,"Wisconsin, US",44.390497852,-89.3959725787,obscured,obscured,true,,Karner Blue,Plebejus samuelis,Karner Blue,Insecta,484122
15060929,2018-07-28,2018-07-28 20:06:10 UTC,Central Time (US & Canada),2018-08-03 00:31:55 UTC,Greenwood 1,false,"Wisconsin, US",44.1764583388,-89.4233878622,obscured,obscured,true,,Karner Blue,Plebejus samuelis,Karner Blue,Insecta,484122
15061285,2018-07-28,2018-07-28 18:02:58 UTC,Central Time (US & Canada),2018-08-03 00:48:08 UTC,Greenwood 3,false,"Wisconsin, US",44.0022336601,-89.4703570631,obscured,obscured,true,,Karner Blue,Plebejus samuelis,Karner Blue,Insecta,484122
15120052,2018-08-04,2018-08-04 17:33:19 UTC,Central Time (US & Canada),2018-08-05 00:13:44 UTC,"Greenwood 2 East.  I missed the survey area entirely in the first visit and just caught the lupined left side of a neighboring wooded area.  I luckily happened to see a Karner there.  This week I located, mapped and surveyed the correct area.  It’s much bigger!",false,"Wisconsin, US",44.0396100702,-89.4072012171,obscured,obscured,true,,Karner Blue,Plebejus samuelis,Karner Blue,Insecta,484122
15120201,2018-08-04,2018-08-04 18:14:05 UTC,Central Time (US & Canada),2018-08-05 00:19:37 UTC,Greenwood 3.  I discovered more Lupine and extended mapping.,false,"Wisconsin, US",44.172415994,-89.512307905,obscured,obscured,true,,Karner Blue,Plebejus samuelis,Karner Blue,Insecta,484122
15120479,2018-08-04,2018-08-04 19:40:52 UTC,Central Time (US & Canada),2018-08-05 00:28:43 UTC,Greenwood 1,false,"Wisconsin, US",44.0033598111,-89.4370367442,obscured,obscured,true,,Karner Blue,Plebejus samuelis,Karner Blue,Insecta,484122
15121898,2018-07-24,2018-07-24 15:57:41 UTC,Eastern Time (US & Canada),2018-08-05 01:17:39 UTC,,false,"Michigan, US",43.1709540584,-85.3606847862,,obscured,true,,Karner Blue,Plebejus samuelis,Karner Blue,Insecta,484122
15148316,2018-08-04,2018-08-04 19:53:00 UTC,Eastern Time (US & Canada),2018-08-05 21:32:40 UTC,Lifer!,false,"Wisconsin, US",44.0714989591,-90.0005566662,,obscured,true,,Karner Blue,Plebejus samuelis,Karner Blue,Insecta,484122
15170067,2018-07-21,2018-07-21 14:48:15 UTC,Eastern Time (US & Canada),2018-08-06 15:37:35 UTC,,false,"Merrimack County, US-NH, US",43.0414617285,-71.5905822447,,obscured,true,gps,Karner Blue,Plebejus samuelis,Karner Blue,Insecta,484122
15178980,2018-08-06,,UTC,2018-08-06 21:17:33 UTC,,false,"Wisconsin, US",44.2695636294,-89.3523949637,,obscured,true,,Karner Blue,Plebejus samuelis,Karner Blue,Insecta,484122
15253711,2018-08-08,2018-08-08 22:04:26 UTC,Central Time (US & Canada),2018-08-09 04:30:15 UTC,"Observed 4 KBB , very active, clear skies, low 80’s temps, ",false,"Wisconsin, US",44.3857438136,-89.3618209513,obscured,obscured,true,,Karner Blue,Plebejus samuelis,Karner Blue,Insecta,484122
15273500,2018-08-02,2018-08-02 11:36:00 UTC,Eastern Time (US & Canada),2018-08-09 22:27:19 UTC,,false,"New York, US",43.0249185922,-73.6284337083,,obscured,true,,Karner Blue,Plebejus samuelis,Karner Blue,Insecta,484122
15600297,2018-05-28,,UTC,2018-08-18 02:01:06 UTC,,false,"New York, US",42.6451218091,-73.8310575046,,obscured,true,,Karner Blue,Plebejus samuelis,Karner Blue,Insecta,484122
16699552,2016-07-25,2016-07-25 16:49:00 UTC,Eastern Time (US & Canada),2018-09-19 22:31:28 UTC,Wilton Preserve,false,"New York, US",43.1820838607,-73.7712110273,,obscured,true,,Karner Blue,Plebejus samuelis,Karner Blue,Insecta,484122
16699554,2016-07-25,2016-07-25 17:19:00 UTC,Eastern Time (US & Canada),2018-09-19 22:31:28 UTC,Wilton Preserve,false,"New York, US",43.1558701633,-73.6908674023,,obscured,true,,Karner Blue,Plebejus samuelis,Karner Blue,Insecta,484122
16705454,2015-07-15,2015-07-15 22:07:00 UTC,Hawaii,2018-09-20 02:01:26 UTC,,false,"Wisconsin, US",44.1203890448,-90.1180218018,,obscured,true,,Karner Blue,Plebejus samuelis,Karner Blue,Insecta,484122
16705456,2015-07-15,2015-07-15 22:58:00 UTC,Hawaii,2018-09-20 02:01:27 UTC,,false,"Wisconsin, US",44.1537608168,-90.2627002095,,obscured,true,,Karner Blue,Plebejus samuelis,Karner Blue,Insecta,484122
17624830,2018-09-12,2018-09-12 18:23:37 UTC,Eastern Time (US & Canada),2018-10-18 17:37:19 UTC,,false,"New York, US",42.708364862,-73.8102354084,,obscured,true,,Karner Blue,Plebejus samuelis,Karner Blue,Insecta,484122
17999300,2018-08-11,2018-08-11 13:42:00 UTC,Central Time (US & Canada),2018-11-01 00:53:19 UTC,,false,"Wisconsin, US",44.1987124359,-90.0998475779,,obscured,true,,Karner Blue,Plebejus samuelis,Karner Blue,Insecta,484122
18343377,2009-07-22,2009-07-22 15:46:00 UTC,Eastern Time (US & Canada),2018-11-12 02:32:17 UTC,Karner Blue,false,"New York, US",43.0606203942,-73.7895465377,,obscured,true,"",Karner Blue,Plebejus samuelis,Karner Blue,Insecta,484122
18343380,2009-07-22,2009-07-22 14:02:00 UTC,Eastern Time (US & Canada),2018-11-12 02:32:19 UTC,Karner Blue,false,"New York, US",43.1187464627,-73.7654723974,,obscured,true,"",Karner Blue,Plebejus samuelis,Karner Blue,Insecta,484122
18343384,2009-05-02,2009-05-02 15:34:00 UTC,Eastern Time (US & Canada),2018-11-12 02:32:24 UTC,larva tended by ants,false,"New York, US",43.1227109224,-73.6997578341,,obscured,true,"",Karner Blue,Plebejus samuelis,Karner Blue,Insecta,484122
18449518,2018-07-19,2018-07-19 14:43:00 UTC,Eastern Time (US & Canada),2018-11-17 16:29:19 UTC,,false,"New York, US",42.7772350155,-73.9253950552,,obscured,true,,Karner Blue,Plebejus samuelis,Karner Blue,Insecta,484122
19472220,2017-07-15,2017-07-15 16:06:05 UTC,Eastern Time (US & Canada),2019-01-06 19:27:42 UTC,,false,"Monroe County, US-WI, US",43.9827061807,-90.7182357203,,obscured,true,,Karner Blue,Plebejus samuelis,Karner Blue,Insecta,484122
20975518,2018-07-11,2018-07-11 14:39:43 UTC,Eastern Time (US & Canada),2019-03-05 19:17:21 UTC,,false,"New York, US",42.6437007255,-73.9895804965,,obscured,true,,Karner Blue,Plebejus samuelis,Karner Blue,Insecta,484122
24388372,2015-06-08,2015-06-08 17:51:21 UTC,Eastern Time (US & Canada),2019-05-02 18:47:23 UTC,I saw this at a wildlife refuge in Wisconsin where some university students were studying the Karner Blue. It was so cool to see such a rare butterfly. ,false,"Wisconsin, US",44.011923299,-90.1244215362,obscured,obscured,true,,Karner Blue,Plebejus samuelis,Karner Blue,Insecta,484122
26076498,2019-05-30,2019-05-30 18:48:37 UTC,Eastern Time (US & Canada),2019-05-30 19:51:48 UTC,,false,"New York, US",42.7339813242,-73.9270691996,,obscured,true,,Karner Blue,Plebejus samuelis,Karner Blue,Insecta,484122
26115192,2019-05-30,2019-05-30 14:50:27 UTC,Eastern Time (US & Canada),2019-05-31 14:26:45 UTC,,false,"New York, US",42.7871865535,-73.9575414246,,obscured,true,,Karner Blue,Plebejus samuelis,Karner Blue,Insecta,484122
26243565,2019-06-01,,UTC,2019-06-02 12:20:20 UTC,,false,"New York, US",43.0692523623,-73.7976863845,,obscured,true,,Karner Blue,Plebejus samuelis,Karner Blue,Insecta,484122
26267484,2019-06-02,2019-06-02 18:40:47 UTC,Eastern Time (US & Canada),2019-06-02 18:42:33 UTC,"Karner Blue butterfly, Wilton Wildlife Preserve",false,"New York, US",43.0521139685,-73.7727121506,,obscured,true,,Karner Blue,Plebejus samuelis,Karner Blue,Insecta,484122
26474332,2019-05-31,2019-05-31 09:53:45 UTC,UTC,2019-06-06 02:28:32 UTC,,false,"Monroe County, US-WI, US",43.86927016,-90.6026925241,,obscured,true,,Karner Blue,Plebejus samuelis,Karner Blue,Insecta,484122
26502716,2019-06-06,2019-06-06 15:30:32 UTC,Eastern Time (US & Canada),2019-06-06 17:09:06 UTC,,false,"New York, US",42.7826237342,-73.8125512615,,obscured,true,,Karner Blue,Plebejus samuelis,Karner Blue,Insecta,484122
26513159,2019-06-06,2019-06-06 12:08:24 UTC,UTC,2019-06-06 20:17:55 UTC,,false,"Wisconsin, US",43.9745959245,-89.5786851172,obscured,obscured,true,,Karner Blue,Plebejus samuelis,Karner Blue,Insecta,484122
26544987,2019-06-06,2019-06-06 18:30:00 UTC,Central Time (US & Canada),2019-06-07 12:23:18 UTC,,false,"Wisconsin, US",43.9217975593,-89.2734918576,,obscured,true,,Karner Blue,Plebejus samuelis,Karner Blue,Insecta,484122
26544989,2019-06-06,2019-06-06 18:25:00 UTC,Central Time (US & Canada),2019-06-07 12:23:20 UTC,,false,"Wisconsin, US",43.8441546083,-89.3071566975,,obscured,true,,Karner Blue,Plebejus samuelis,Karner Blue,Insecta,484122
26544991,2019-06-06,2019-06-06 18:27:00 UTC,Central Time (US & Canada),2019-06-07 12:23:21 UTC,,false,"Wisconsin, US",43.9728759292,-89.2749965422,,obscured,true,,Karner Blue,Plebejus samuelis,Karner Blue,Insecta,484122
26624252,2019-06-08,2019-06-08 13:55:22 UTC,UTC,2019-06-08 19:06:37 UTC,,false,"Wisconsin, US",44.2379412085,-89.2784084983,obscured,obscured,true,,Karner Blue,Plebejus samuelis,Karner Blue,Insecta,484122
26624513,2019-06-08,2019-06-08 16:08:18 UTC,Central Time (US & Canada),2019-06-08 19:10:03 UTC,,false,"Wisconsin, US",44.23775217,-89.2505905887,obscured,obscured,true,,Karner Blue,Plebejus samuelis,Karner Blue,Insecta,484122
26624572,2019-06-08,2019-06-08 14:04:42 UTC,UTC,2019-06-08 19:11:12 UTC,One found quickly,false,"Wisconsin, US",44.3924237392,-89.3894509014,obscured,obscured,true,,Karner Blue,Plebejus samuelis,Karner Blue,Insecta,484122
26624601,2019-06-08,2019-06-08 13:56:15 UTC,UTC,2019-06-08 19:11:40 UTC,,false,"Wisconsin, US",44.2623712107,-89.3427894374,obscured,obscured,true,,Karner Blue,Plebejus samuelis,Karner Blue,Insecta,484122
26624650,2019-06-08,2019-06-08 13:55:56 UTC,UTC,2019-06-08 19:12:45 UTC,,false,"Wisconsin, US",44.3154799253,-89.2560843093,obscured,obscured,true,,Karner Blue,Plebejus samuelis,Karner Blue,Insecta,484122
26646166,2019-06-08,2019-06-09 01:54:00 UTC,Hawaii,2019-06-09 01:15:10 UTC,"",false,"Merrimack County, US-NH, US",43.2944608279,-71.4111980455,obscured,obscured,true,,Karner Blue,Plebejus samuelis,Karner Blue,Insecta,484122
26646168,2019-06-08,2019-06-09 01:53:00 UTC,Hawaii,2019-06-09 01:15:10 UTC,"",false,"Merrimack County, US-NH, US",43.3322392488,-71.5240475695,obscured,obscured,true,,Karner Blue,Plebejus samuelis,Karner Blue,Insecta,484122
26783717,2019-06-08,2019-06-08 16:44:00 UTC,Eastern Time (US & Canada),2019-06-11 02:02:23 UTC,,false,"Michigan, US",43.4672229638,-85.6049414931,obscured,obscured,true,,Karner Blue,Plebejus samuelis,Karner Blue,Insecta,484122
26798318,2019-06-03,2019-06-03 14:54:47 UTC,Eastern Time (US & Canada),2019-06-11 11:35:32 UTC,Males flying (saw about 6) ,false,"Michigan, US",43.0920679136,-85.2039001524,,obscured,true,gps,Karner Blue,Plebejus samuelis,Karner Blue,Insecta,484122
26823290,2019-06-11,2019-06-11 16:48:00 UTC,Central Time (US & Canada),2019-06-11 20:00:41 UTC,"",false,"Wisconsin, US",44.2770490871,-89.2479988956,obscured,obscured,true,,Karner Blue,Plebejus samuelis,Karner Blue,Insecta,484122
26934284,2019-06-13,2019-06-13 18:51:00 UTC,Central Time (US & Canada),2019-06-13 20:50:17 UTC,,false,"Wisconsin, US",44.0804635916,-90.0988926115,,obscured,true,,Karner Blue,Plebejus samuelis,Karner Blue,Insecta,484122
26935108,2019-06-13,2019-06-13 18:50:31 UTC,Central Time (US & Canada),2019-06-13 21:07:00 UTC,,false,"Wisconsin, US",44.2779170512,-89.2615216512,obscured,obscured,true,,Karner Blue,Plebejus samuelis,Karner Blue,Insecta,484122
26949734,2019-06-13,2019-06-13 18:51:48 UTC,Central Time (US & Canada),2019-06-14 02:59:06 UTC,,false,"Wisconsin, US",44.172909517,-90.1960081472,,obscured,true,,Karner Blue,Plebejus samuelis,Karner Blue,Insecta,484122
26949971,2019-06-13,2019-06-13 19:37:58 UTC,Central Time (US & Canada),2019-06-14 03:03:28 UTC,,false,"Wisconsin, US",44.1191113837,-90.1609174424,,obscured,true,,Karner Blue,Plebejus samuelis,Karner Blue,Insecta,484122
26972271,2019-06-12,,Central Time (US & Canada),2019-06-14 16:51:59 UTC,"",false,"Wisconsin, US",44.0538838479,-90.8923157236,obscured,obscured,true,,Karner Blue,Plebejus samuelis,Karner Blue,Insecta,484122
27185163,2019-06-17,2019-06-17 20:55:00 UTC,Central Time (US & Canada),2019-06-18 00:33:02 UTC,"",false,"Wisconsin, US",44.2484283797,-89.2286921311,obscured,obscured,true,,Karner Blue,Plebejus samuelis,Karner Blue,Insecta,484122
27214019,2019-06-17,,Central Time (US & Canada),2019-06-18 15:43:00 UTC,"Rich Staffen Observation & Photos

BI Inventory Find",false,"Wisconsin, US",44.0846189972,-89.2419523862,obscured,obscured,true,,Karner Blue,Plebejus samuelis,Karner Blue,Insecta,484122
27214399,2019-06-17,,Central Time (US & Canada),2019-06-18 15:49:12 UTC,"Rich Staffen Observation & Photos

BI Inventory Find",false,"Wisconsin, US",44.1706393143,-89.2137804839,obscured,obscured,true,,Karner Blue,Plebejus samuelis,Karner Blue,Insecta,484122
27273033,2009-07-14,,UTC,2019-06-19 16:11:18 UTC,©Lea J Morgan Studio,false,"Merrimack County, US-NH, US",43.2347887431,-71.5571091223,,obscured,true,,Karner Blue,Plebejus samuelis,Karner Blue,Insecta,484122
27288426,2019-06-19,2019-06-19 16:47:46 UTC,Bogota,2019-06-19 21:09:37 UTC,"",false,,,,private,obscured,true,gps,Karner Blue,Plebejus samuelis,Karner Blue,Insecta,484122
27329921,2019-06-18,,Central Time (US & Canada),2019-06-20 16:16:20 UTC,"Photo & Observation by Rori Paloski

Biotic Inventory Survey",false,"Wisconsin, US",44.1700413335,-89.5104177945,obscured,obscured,true,,Karner Blue,Plebejus samuelis,Karner Blue,Insecta,484122
27330148,2019-06-18,,Central Time (US & Canada),2019-06-20 16:20:48 UTC,"Photo & Observation by Rori Paloski

Biotic Inventory Survey",false,"Wisconsin, US",44.1806620178,-89.4237334925,obscured,obscured,true,,Karner Blue,Plebejus samuelis,Karner Blue,Insecta,484122
27334869,2019-06-19,2019-06-19 18:54:25 UTC,Central Time (US & Canada),2019-06-20 17:45:14 UTC,,false,"Wisconsin, US",44.0367338115,-89.2181808652,obscured,obscured,true,,Karner Blue,Plebejus samuelis,Karner Blue,Insecta,484122
27354232,2019-06-20,,Central Time (US & Canada),2019-06-21 00:00:08 UTC,Observed approximately 20 Karners. Most were males although several females were also observed. Eastern tailed blue butterflies were observed on site as well.,false,"Wisconsin, US",43.8773017127,-89.2674141514,obscured,obscured,true,,Karner Blue,Plebejus samuelis,Karner Blue,Insecta,484122
27406485,2019-06-21,,Central Time (US & Canada),2019-06-22 00:13:24 UTC,5 total Karners,false,"Wisconsin, US",44.2593638603,-89.2573104384,obscured,obscured,true,,Karner Blue,Plebejus samuelis,Karner Blue,Insecta,484122
27431232,2018-06-24,2018-06-24 16:48:40 UTC,UTC,2019-06-22 13:37:56 UTC,,false,"Wisconsin, US",44.2447863641,-89.7016420623,,obscured,true,,Karner Blue,Plebejus samuelis,Karner Blue,Insecta,484122
27467108,2019-06-22,2019-06-22 17:16:00 UTC,Central Time (US & Canada),2019-06-22 22:57:25 UTC,"",false,,,,private,obscured,true,,Karner Blue,Plebejus samuelis,Karner Blue,Insecta,484122
27479841,2018-06-24,2018-06-24 16:12:01 UTC,UTC,2019-06-23 02:55:59 UTC,,false,"Wisconsin, US",44.2946790166,-89.689258822,obscured,obscured,true,,Karner Blue,Plebejus samuelis,Karner Blue,Insecta,484122
27520496,2019-06-21,2019-06-21 19:35:00 UTC,Central Time (US & Canada),2019-06-23 19:02:27 UTC,,false,,,,private,obscured,true,,Karner Blue,Plebejus samuelis,Karner Blue,Insecta,484122
27532330,2019-06-21,2019-06-21 20:21:00 UTC,Central Time (US & Canada),2019-06-23 22:10:24 UTC,,false,,,,private,obscured,true,,Karner Blue,Plebejus samuelis,Karner Blue,Insecta,484122
27533045,2019-06-21,2019-06-21 20:52:00 UTC,Central Time (US & Canada),2019-06-23 22:20:29 UTC,,false,,,,private,obscured,true,,Karner Blue,Plebejus samuelis,Karner Blue,Insecta,484122
27533624,2019-06-21,2019-06-21 20:00:00 UTC,Central Time (US & Canada),2019-06-23 22:30:01 UTC,,false,,,,private,obscured,true,,Karner Blue,Plebejus samuelis,Karner Blue,Insecta,484122
27572547,2019-06-21,2019-06-21 18:25:12 UTC,Central Time (US & Canada),2019-06-24 15:32:21 UTC,,false,"Wisconsin, US",44.2467915288,-89.3848978257,obscured,obscured,true,,Karner Blue,Plebejus samuelis,Karner Blue,Insecta,484122
27637572,2019-06-25,2019-06-25 09:53:58 UTC,UTC,2019-06-25 16:18:09 UTC,,false,"Wisconsin, US",44.2937662794,-89.2786276086,obscured,obscured,true,,Karner Blue,Plebejus samuelis,Karner Blue,Insecta,484122
27653871,2017-07-01,,Eastern Time (US & Canada),2019-06-25 20:34:16 UTC,"",false,"Michigan, US",42.4722927439,-86.1258168169,,obscured,true,,Karner Blue,Plebejus samuelis,Karner Blue,Insecta,484122
27659312,2019-06-25,2019-06-25 19:31:41 UTC,Central Time (US & Canada),2019-06-25 22:05:46 UTC,,false,"Wisconsin, US",44.2813829821,-89.3668749809,obscured,obscured,true,,Karner Blue,Plebejus samuelis,Karner Blue,Insecta,484122
27660162,2018-07-05,,Eastern Time (US & Canada),2019-06-25 22:20:50 UTC,Karner Blue,false,"Michigan, US",43.5061860602,-85.7454900535,,obscured,true,,Karner Blue,Plebejus samuelis,Karner Blue,Insecta,484122
27755768,2019-06-26,,Central Time (US & Canada),2019-06-27 14:48:24 UTC,"Many Karners flying , warm temps, winds gusting to 15. ",false,"Wisconsin, US",44.3122785857,-89.2525272854,obscured,obscured,true,,Karner Blue,Plebejus samuelis,Karner Blue,Insecta,484122
27792932,2019-06-27,2019-06-27 18:57:51 UTC,Central Time (US & Canada),2019-06-28 03:11:26 UTC,,false,United States,45.6224725445,-92.6150839683,,obscured,true,,Karner Blue,Plebejus samuelis,Karner Blue,Insecta,484122
27799281,2018-07-11,2018-07-11 10:20:24 UTC,UTC,2019-06-28 07:21:15 UTC,,false,"Wisconsin, US",44.1506972219,-90.0512528781,,obscured,true,,Karner Blue,Plebejus samuelis,Karner Blue,Insecta,484122
27941235,2019-06-27,,UTC,2019-06-30 17:14:56 UTC,,false,"Wisconsin, US",44.5246995035,-90.1104528689,obscured,obscured,true,gps,Karner Blue,Plebejus samuelis,Karner Blue,Insecta,484122
28052238,2019-07-01,2019-07-01 10:13:07 UTC,UTC,2019-07-02 12:25:58 UTC,,false,"Wisconsin, US",44.6356896142,-91.1775380282,obscured,obscured,true,,Karner Blue,Plebejus samuelis,Karner Blue,Insecta,484122
28052352,2019-07-01,2019-07-01 09:53:04 UTC,UTC,2019-07-02 12:29:15 UTC,,false,"Wisconsin, US",44.6262502497,-91.0308282579,,obscured,true,,Karner Blue,Plebejus samuelis,Karner Blue,Insecta,484122
28052552,2019-07-01,2019-07-01 09:55:39 UTC,UTC,2019-07-02 12:34:18 UTC,"",false,"Wisconsin, US",44.7016347834,-91.0709560704,,obscured,true,,Karner Blue,Plebejus samuelis,Karner Blue,Insecta,484122
28235883,2019-07-05,2019-07-05 11:06:23 UTC,UTC,2019-07-05 16:12:02 UTC,,false,"Wisconsin, US",44.3131083195,-89.7829331556,obscured,obscured,true,,Karner Blue,Plebejus samuelis,Karner Blue,Insecta,484122
28248687,2019-07-05,2019-07-05 12:26:39 UTC,UTC,2019-07-05 19:57:47 UTC,,false,"Wisconsin, US",44.3686943108,-89.7399667085,obscured,obscured,true,,Karner Blue,Plebejus samuelis,Karner Blue,Insecta,484122
28248710,2019-07-05,2019-07-05 11:03:36 UTC,UTC,2019-07-05 19:58:18 UTC,,false,"Wisconsin, US",44.2826144864,-89.6522706032,obscured,obscured,true,,Karner Blue,Plebejus samuelis,Karner Blue,Insecta,484122
28249393,2019-07-05,2019-07-05 12:52:02 UTC,UTC,2019-07-05 20:13:29 UTC,,false,"Wisconsin, US",44.3181548908,-89.7540933447,obscured,obscured,true,,Karner Blue,Plebejus samuelis,Karner Blue,Insecta,484122
28500932,2019-07-09,2019-07-09 14:49:37 UTC,Eastern Time (US & Canada),2019-07-09 15:33:11 UTC,,false,"New York, US",42.6756884919,-73.802580955,,obscured,true,,Karner Blue,Plebejus samuelis,Karner Blue,Insecta,484122
28502705,2019-07-09,2019-07-09 14:42:59 UTC,Eastern Time (US & Canada),2019-07-09 16:05:51 UTC,,false,"New York, US",42.6260570953,-73.8344157709,,obscured,true,,Karner Blue,Plebejus samuelis,Karner Blue,Insecta,484122
28571890,2019-07-10,2019-07-10 19:27:00 UTC,Hawaii,2019-07-10 19:27:40 UTC,,false,"New York, US",43.1946593646,-73.7567899692,,obscured,true,,Karner Blue,Plebejus samuelis,Karner Blue,Insecta,484122
28643367,2019-07-11,2019-07-11 21:21:19 UTC,Eastern Time (US & Canada),2019-07-11 23:13:32 UTC,,false,"New York, US",42.6890338112,-73.8970676766,,obscured,true,,Karner Blue,Plebejus samuelis,Karner Blue,Insecta,484122
28812164,2017-06-17,2017-06-17 14:19:00 UTC,Eastern Time (US & Canada),2019-07-14 18:23:05 UTC,,false,"Burnett County, US-WI, US",45.9762348576,-92.7879766332,,obscured,true,,Karner Blue,Plebejus samuelis,Karner Blue,Insecta,484122
28960807,2019-07-01,2019-07-01 15:57:55 UTC,Central Time (US & Canada),2019-07-16 21:14:45 UTC,,false,"Wisconsin, US",44.6991665002,-90.8374880183,obscured,obscured,true,,Karner Blue,Plebejus samuelis,Karner Blue,Insecta,484122
28960838,2019-07-01,2019-07-01 15:55:50 UTC,Central Time (US & Canada),2019-07-16 21:15:26 UTC,,false,"Wisconsin, US",44.6214784041,-90.9455417865,obscured,obscured,true,,Karner Blue,Plebejus samuelis,Karner Blue,Insecta,484122
28961634,2019-06-19,2019-06-19 18:30:14 UTC,Central Time (US & Canada),2019-07-16 21:30:55 UTC,,false,"Wisconsin, US",44.1666276101,-89.3728608027,obscured,obscured,true,,Karner Blue,Plebejus samuelis,Karner Blue,Insecta,484122
29178735,2019-07-20,2019-07-20 13:09:33 UTC,Eastern Time (US & Canada),2019-07-20 15:58:56 UTC,,false,"New York, US",42.7944564817,-73.853418401,,obscured,true,,Karner Blue,Plebejus samuelis,Karner Blue,Insecta,484122
29213697,2019-07-20,2019-07-20 15:05:00 UTC,Eastern Time (US & Canada),2019-07-21 01:38:40 UTC,,false,"New York, US",42.7997495847,-73.9376909967,,obscured,true,,Karner Blue,Plebejus samuelis,Karner Blue,Insecta,484122
29279121,2019-07-21,2019-07-21 11:49:27 UTC,UTC,2019-07-21 22:42:02 UTC,,false,"Wisconsin, US",44.0153719314,-90.0465024944,,obscured,true,,Karner Blue,Plebejus samuelis,Karner Blue,Insecta,484122
29279891,2019-07-21,,UTC,2019-07-21 22:55:07 UTC,,false,"Wisconsin, US",44.0622632952,-90.1687715894,,obscured,true,,Karner Blue,Plebejus samuelis,Karner Blue,Insecta,484122
29350590,2019-07-21,2019-07-21 22:00:38 UTC,UTC,2019-07-23 00:14:49 UTC,,false,"Wisconsin, US",44.3416799738,-89.9163877808,obscured,obscured,true,,Karner Blue,Plebejus samuelis,Karner Blue,Insecta,484122
29351172,2019-07-21,2019-07-21 22:01:29 UTC,UTC,2019-07-23 00:26:29 UTC,,false,"Wisconsin, US",44.2507217225,-89.8066621677,obscured,obscured,true,,Karner Blue,Plebejus samuelis,Karner Blue,Insecta,484122
29410661,2019-07-23,2019-07-23 11:49:31 UTC,UTC,2019-07-23 22:53:52 UTC,1 male,false,"Wisconsin, US",44.6728077746,-90.9308193342,obscured,obscured,true,gps,Karner Blue,Plebejus samuelis,Karner Blue,Insecta,484122
29411180,2019-07-23,2019-07-23 16:20:00 UTC,UTC,2019-07-23 23:03:15 UTC,5 individuals observed,false,"Jackson County, US-WI, US",44.3576747536,-90.7438544275,obscured,obscured,true,gps,Karner Blue,Plebejus samuelis,Karner Blue,Insecta,484122
29411675,2019-07-23,2019-07-23 15:12:00 UTC,Bogota,2019-07-23 23:09:53 UTC,"",false,,,,private,obscured,true,gps,Karner Blue,Plebejus samuelis,Karner Blue,Insecta,484122
29415486,2019-07-23,2019-07-23 17:07:00 UTC,Bogota,2019-07-24 00:17:49 UTC,"",false,,,,private,obscured,true,gps,Karner Blue,Plebejus samuelis,Karner Blue,Insecta,484122
29464593,2019-07-24,2019-07-24 14:40:00 UTC,Bogota,2019-07-24 20:08:33 UTC,"nectar species present: mountain mint, black-eyed susan, bee balm, spotted knapweed, st johns wort, red clover, daisy fleabane, flowering spurge",false,"Wisconsin, US",44.0313556028,-90.6895326909,obscured,obscured,true,,Karner Blue,Plebejus samuelis,Karner Blue,Insecta,484122
29465100,2019-07-24,,UTC,2019-07-24 20:17:01 UTC,"",false,"Wisconsin, US",44.1687195435,-90.7366940037,obscured,obscured,true,,Karner Blue,Plebejus samuelis,Karner Blue,Insecta,484122
29481774,2019-07-24,2019-07-24 14:50:00 UTC,Central Time (US & Canada),2019-07-25 00:42:37 UTC,,false,,,,private,obscured,true,,Karner Blue,Plebejus samuelis,Karner Blue,Insecta,484122
29539432,2019-07-25,2019-07-25 15:39:00 UTC,Bogota,2019-07-25 22:46:37 UTC,,false,,,,private,obscured,true,gps,Karner Blue,Plebejus samuelis,Karner Blue,Insecta,484122
29542256,2019-07-25,2019-07-25 17:03:17 UTC,Bogota,2019-07-25 23:42:07 UTC,"",false,,,,private,obscured,true,gps,Karner Blue,Plebejus samuelis,Karner Blue,Insecta,484122
29572198,2019-07-24,2019-07-24 12:54:58 UTC,UTC,2019-07-26 13:56:23 UTC,Site: WRM #3,false,"Wisconsin, US",44.0367394187,-89.0196564499,obscured,obscured,true,gps,Karner Blue,Plebejus samuelis,Karner Blue,Insecta,484122
29572475,2019-07-23,,Central Time (US & Canada),2019-07-26 14:02:07 UTC,"",false,"Wisconsin, US",44.2967791308,-89.3944724298,obscured,obscured,true,,Karner Blue,Plebejus samuelis,Karner Blue,Insecta,484122
29572653,2019-07-25,,Central Time (US & Canada),2019-07-26 14:06:43 UTC,"six individuals , very active.  ",false,"Wisconsin, US",44.3306326487,-89.2852859956,obscured,obscured,true,,Karner Blue,Plebejus samuelis,Karner Blue,Insecta,484122
29575190,2019-07-24,2019-07-24 16:46:11 UTC,UTC,2019-07-26 14:54:53 UTC,Site: WRM #1,false,"Wisconsin, US",43.983045696,-89.1617873918,obscured,obscured,true,gps,Karner Blue,Plebejus samuelis,Karner Blue,Insecta,484122
29588222,2019-07-26,2019-07-26 18:26:42 UTC,Eastern Time (US & Canada),2019-07-26 18:37:52 UTC,,false,"Merrimack County, US-NH, US",43.2034384375,-71.5271315868,,obscured,true,,Karner Blue,Plebejus samuelis,Karner Blue,Insecta,484122
29665672,2019-07-27,2019-07-27 13:59:20 UTC,Bogota,2019-07-27 21:43:49 UTC,,false,,,,private,obscured,true,gps,Karner Blue,Plebejus samuelis,Karner Blue,Insecta,484122
29672913,2019-07-27,,Central Time (US & Canada),2019-07-27 23:35:38 UTC,"8 Karners, active",false,"Wisconsin, US",44.2196053077,-89.3835946117,obscured,obscured,true,,Karner Blue,Plebejus samuelis,Karner Blue,Insecta,484122
29681181,2019-07-22,2019-07-22 06:28:00 UTC,Central Time (US & Canada),2019-07-28 01:50:56 UTC,"",false,"Wisconsin, US",44.0237914931,-90.0654355428,,obscured,true,,Karner Blue,Plebejus samuelis,Karner Blue,Insecta,484122
29803608,2019-07-29,2019-07-29 16:27:00 UTC,Eastern Time (US & Canada),2019-07-29 19:09:54 UTC,"Male, as shown by the blue upperside.",false,"Merrimack County, US-NH, US",43.2125277599,-71.5858895524,,obscured,true,,Karner Blue,Plebejus samuelis,Karner Blue,Insecta,484122
29803609,2019-07-29,2019-07-29 16:26:00 UTC,Eastern Time (US & Canada),2019-07-29 19:09:54 UTC,The target of today's outing.  many were present.,false,"Merrimack County, US-NH, US",43.3992069324,-71.5058178561,,obscured,true,,Karner Blue,Plebejus samuelis,Karner Blue,Insecta,484122
29803610,2019-07-29,2019-07-29 16:22:00 UTC,Eastern Time (US & Canada),2019-07-29 19:09:54 UTC,"Female, as shown by the dark upperside.",false,"Merrimack County, US-NH, US",43.2609805447,-71.5681957669,,obscured,true,,Karner Blue,Plebejus samuelis,Karner Blue,Insecta,484122
29825252,2019-07-29,2019-07-29 14:34:13 UTC,Bogota,2019-07-30 01:01:36 UTC,,false,,,,private,obscured,true,gps,Karner Blue,Plebejus samuelis,Karner Blue,Insecta,484122
29846182,2019-07-29,2019-07-29 11:58:01 UTC,UTC,2019-07-30 12:15:34 UTC,,false,,,,private,obscured,true,,Karner Blue,Plebejus samuelis,Karner Blue,Insecta,484122
29872245,2019-07-30,2019-07-30 13:25:00 UTC,America/New_York,2019-07-30 19:54:22 UTC,,false,,,,private,obscured,true,gps,Karner Blue,Plebejus samuelis,Karner Blue,Insecta,484122
29921762,2019-07-30,2019-07-30 12:41:47 UTC,UTC,2019-07-31 15:57:20 UTC,,false,"Wisconsin, US",43.812818264,-89.5798706447,obscured,obscured,true,,Karner Blue,Plebejus samuelis,Karner Blue,Insecta,484122
29921940,2019-06-26,2019-06-26 11:47:41 UTC,UTC,2019-07-31 16:00:36 UTC,,false,"Wisconsin, US",44.2270977576,-89.2364443989,obscured,obscured,true,,Karner Blue,Plebejus samuelis,Karner Blue,Insecta,484122
29922057,2019-06-26,2019-06-26 10:35:49 UTC,UTC,2019-07-31 16:02:34 UTC,,false,"Wisconsin, US",44.3084962261,-89.2311018969,obscured,obscured,true,,Karner Blue,Plebejus samuelis,Karner Blue,Insecta,484122
29943313,2019-07-30,,Central Time (US & Canada),2019-07-31 22:04:06 UTC,"approximately 12 Karners, males and females , active, ranged out farther than the lupine stands.",false,"Wisconsin, US",44.2939767643,-89.2478090515,obscured,obscured,true,,Karner Blue,Plebejus samuelis,Karner Blue,Insecta,484122
29944755,2019-07-31,2019-07-31 18:57:08 UTC,Eastern Time (US & Canada),2019-07-31 22:34:19 UTC,,false,"Michigan, US",42.5231583862,-86.1022214625,,obscured,true,gps,Karner Blue,Plebejus samuelis,Karner Blue,Insecta,484122
29948731,2019-07-31,2019-07-31 20:47:00 UTC,Bogota,2019-07-31 23:50:02 UTC,,false,,,,private,obscured,true,gps,Karner Blue,Plebejus samuelis,Karner Blue,Insecta,484122
29952213,2019-07-31,2019-07-31 18:49:00 UTC,Bogota,2019-08-01 00:49:30 UTC,,false,,,,private,obscured,true,gps,Karner Blue,Plebejus samuelis,Karner Blue,Insecta,484122
30000068,2019-08-01,,UTC,2019-08-01 20:08:24 UTC,"",false,"Wisconsin, US",44.7726048871,-90.9822243102,obscured,obscured,true,,Karner Blue,Plebejus samuelis,Karner Blue,Insecta,484122
30000405,2019-07-31,,UTC,2019-08-01 20:15:55 UTC,"",false,"Jackson County, US-WI, US",44.2873941941,-90.7321155378,obscured,obscured,true,,Karner Blue,Plebejus samuelis,Karner Blue,Insecta,484122
30000681,2019-07-31,,UTC,2019-08-01 20:21:37 UTC,,false,"Wisconsin, US",44.0286723899,-90.740656517,obscured,obscured,true,,Karner Blue,Plebejus samuelis,Karner Blue,Insecta,484122
30001044,2019-07-31,,UTC,2019-08-01 20:28:56 UTC,"",false,"Wisconsin, US",44.0410548975,-90.6082889111,obscured,obscured,true,,Karner Blue,Plebejus samuelis,Karner Blue,Insecta,484122
30001220,2019-08-01,2019-08-01 09:52:40 UTC,UTC,2019-08-01 20:32:27 UTC,,false,"Wisconsin, US",44.158053309,-89.9070974511,obscured,obscured,true,,Karner Blue,Plebejus samuelis,Karner Blue,Insecta,484122
30007683,2019-08-01,2019-08-01 17:51:00 UTC,Bogota,2019-08-01 22:25:54 UTC,,false,,,,private,obscured,true,gps,Karner Blue,Plebejus samuelis,Karner Blue,Insecta,484122
30037004,2019-08-01,2019-08-01 13:46:48 UTC,UTC,2019-08-02 13:09:47 UTC,Site: WRM#1,false,"Wisconsin, US",43.924282534,-89.189457384,obscured,obscured,true,gps,Karner Blue,Plebejus samuelis,Karner Blue,Insecta,484122
30037781,2019-08-01,2019-08-01 16:16:01 UTC,UTC,2019-08-02 13:27:26 UTC,Site: WRM #3,false,"Wisconsin, US",43.9152720408,-89.1806977449,obscured,obscured,true,gps,Karner Blue,Plebejus samuelis,Karner Blue,Insecta,484122
30061735,2019-08-02,2019-08-02 14:49:00 UTC,Bogota,2019-08-02 20:10:27 UTC,,false,,,,private,obscured,true,gps,Karner Blue,Plebejus samuelis,Karner Blue,Insecta,484122
30081713,2019-08-02,2019-08-02 16:33:04 UTC,UTC,2019-08-03 03:13:06 UTC,Breeding karners? ,false,"Wisconsin, US",44.3669577661,-89.7258518788,obscured,obscured,true,,Karner Blue,Plebejus samuelis,Karner Blue,Insecta,484122
30082106,2019-08-02,2019-08-02 16:56:41 UTC,UTC,2019-08-03 03:27:04 UTC,,false,"Wisconsin, US",44.3068693362,-89.7902743105,obscured,obscured,true,,Karner Blue,Plebejus samuelis,Karner Blue,Insecta,484122
30082276,2019-08-02,2019-08-02 17:30:32 UTC,UTC,2019-08-03 03:33:13 UTC,,false,"Wisconsin, US",44.2204919211,-89.6756165162,obscured,obscured,true,,Karner Blue,Plebejus samuelis,Karner Blue,Insecta,484122
30082561,2019-08-02,2019-08-02 17:38:35 UTC,UTC,2019-08-03 03:43:04 UTC,Friendly karners  naw just hungry,false,"Wisconsin, US",44.2991093291,-89.6108446129,obscured,obscured,true,,Karner Blue,Plebejus samuelis,Karner Blue,Insecta,484122
30082747,2019-08-02,2019-08-02 17:31:28 UTC,UTC,2019-08-03 03:48:54 UTC,Good day for karner viewing ,false,"Wisconsin, US",44.2823478574,-89.7896652679,obscured,obscured,true,,Karner Blue,Plebejus samuelis,Karner Blue,Insecta,484122
30095853,2019-08-02,2019-08-02 16:00:31 UTC,UTC,2019-08-03 12:11:40 UTC,Zoom in first of 32 today ,false,"Wisconsin, US",44.3614190476,-89.7489744825,obscured,obscured,true,,Karner Blue,Plebejus samuelis,Karner Blue,Insecta,484122
30096419,2019-08-02,2019-08-02 17:08:06 UTC,UTC,2019-08-03 12:25:10 UTC,"",false,"Wisconsin, US",44.2126405661,-89.705050234,obscured,obscured,true,,Karner Blue,Plebejus samuelis,Karner Blue,Insecta,484122
30101689,2019-07-25,2019-07-25 18:21:00 UTC,Eastern Time (US & Canada),2019-08-03 14:10:44 UTC,"",false,"New York, US",42.6427330871,-73.8792740429,obscured,obscured,true,,Karner Blue,Plebejus samuelis,Karner Blue,Insecta,484122
30189269,2019-08-04,2019-08-04 13:43:00 UTC,Bogota,2019-08-04 18:25:57 UTC,,false,,,,private,obscured,true,gps,Karner Blue,Plebejus samuelis,Karner Blue,Insecta,484122
30280501,2019-08-05,2019-08-05 13:55:08 UTC,Bogota,2019-08-06 00:44:57 UTC,,false,,,,private,obscured,true,gps,Karner Blue,Plebejus samuelis,Karner Blue,Insecta,484122
30324791,2019-08-06,2019-08-06 14:29:00 UTC,Bogota,2019-08-06 19:31:23 UTC,,false,,,,private,obscured,true,gps,Karner Blue,Plebejus samuelis,Karner Blue,Insecta,484122
30371765,2019-08-07,2019-08-07 13:58:00 UTC,Bogota,2019-08-07 16:36:11 UTC,,false,,,,private,obscured,true,gps,Karner Blue,Plebejus samuelis,Karner Blue,Insecta,484122
30506079,2015-07-13,2015-07-13 14:35:00 UTC,Eastern Time (US & Canada),2019-08-09 22:04:57 UTC,"",false,"New York, US",42.766507828,-73.9576990651,,obscured,true,,Karner Blue,Plebejus samuelis,Karner Blue,Insecta,484122
30513088,2019-08-09,2019-08-09 17:49:06 UTC,UTC,2019-08-10 00:23:49 UTC,,false,"Wisconsin, US",44.3302895375,-89.6866320441,obscured,obscured,true,,Karner Blue,Plebejus samuelis,Karner Blue,Insecta,484122
30513333,2019-08-09,2019-08-09 17:02:14 UTC,UTC,2019-08-10 00:28:43 UTC,,false,"Wisconsin, US",44.3358465647,-89.7957404805,obscured,obscured,true,,Karner Blue,Plebejus samuelis,Karner Blue,Insecta,484122
30536956,2019-08-09,,Central Time (US & Canada),2019-08-10 13:38:48 UTC,"8 KBB's  both male and female, active, ",false,"Wisconsin, US",44.3163675493,-89.2975771397,obscured,obscured,true,,Karner Blue,Plebejus samuelis,Karner Blue,Insecta,484122
30705866,2019-08-12,2019-08-12 19:47:02 UTC,Central Time (US & Canada),2019-08-12 19:51:19 UTC,,false,"Wisconsin, US",44.1626376514,-90.3530702231,obscured,obscured,true,,Karner Blue,Plebejus samuelis,Karner Blue,Insecta,484122
30705972,2019-08-12,2019-08-12 19:34:28 UTC,Central Time (US & Canada),2019-08-12 19:53:28 UTC,,false,"Wisconsin, US",44.0954176836,-90.2236081732,obscured,obscured,true,,Karner Blue,Plebejus samuelis,Karner Blue,Insecta,484122
30706145,2019-08-12,2019-08-12 19:15:26 UTC,Central Time (US & Canada),2019-08-12 19:55:50 UTC,,false,"Wisconsin, US",44.1748439375,-90.2389318691,obscured,obscured,true,,Karner Blue,Plebejus samuelis,Karner Blue,Insecta,484122
30802751,2019-08-13,2019-08-13 17:20:50 UTC,UTC,2019-08-14 10:58:48 UTC,"Last of the  second flight
 ",false,"Wisconsin, US",44.3018199313,-89.6957564125,obscured,obscured,true,,Karner Blue,Plebejus samuelis,Karner Blue,Insecta,484122
30802846,2019-08-13,2019-08-13 17:19:14 UTC,UTC,2019-08-14 11:02:48 UTC,"I was surprised to see so many karners still flying
",false,"Wisconsin, US",44.2918725919,-89.6588717081,obscured,obscured,true,,Karner Blue,Plebejus samuelis,Karner Blue,Insecta,484122
30850024,2019-08-14,2019-08-14 19:53:13 UTC,UTC,2019-08-15 02:17:26 UTC,So many karners in this location. We saw 40+ in just a few minutes! So beautiful ,false,"Wisconsin, US",44.2487004918,-89.6445634267,obscured,obscured,true,,Karner Blue,Plebejus samuelis,Karner Blue,Insecta,484122
30878769,2019-08-14,2019-08-14 18:04:00 UTC,Central Time (US & Canada),2019-08-15 16:07:04 UTC,,false,"Wisconsin, US",44.3545742291,-90.0061990807,,obscured,true,,Karner Blue,Plebejus samuelis,Karner Blue,Insecta,484122
30892354,2019-08-08,2019-08-08 18:58:12 UTC,Central Time (US & Canada),2019-08-15 19:59:24 UTC,,false,"Wisconsin, US",44.7534819439,-90.8979594827,obscured,obscured,true,,Karner Blue,Plebejus samuelis,Karner Blue,Insecta,484122
30904150,2019-08-14,,Central Time (US & Canada),2019-08-15 23:42:29 UTC,"7 individuals , males and females. 
Semi-active.  Temps were in the low 70's and toward the end of the second flight",false,"Wisconsin, US",44.3762514516,-89.2623100818,obscured,obscured,true,,Karner Blue,Plebejus samuelis,Karner Blue,Insecta,484122
30927442,2019-08-15,2019-08-15 14:22:15 UTC,UTC,2019-08-16 13:01:06 UTC,Site: WRM #1,false,"Wisconsin, US",43.935856851,-89.1645807316,obscured,obscured,true,gps,Karner Blue,Plebejus samuelis,Karner Blue,Insecta,484122
30957757,2019-08-16,,Central Time (US & Canada),2019-08-16 22:31:59 UTC,Surprising to see the 8  individuals today due to the cool temps and morning rain.   we did the site survey around noon.  ,false,"Wisconsin, US",44.2853188668,-89.2080664896,obscured,obscured,true,,Karner Blue,Plebejus samuelis,Karner Blue,Insecta,484122
31061305,2019-08-18,2019-08-18 16:14:48 UTC,Central Time (US & Canada),2019-08-18 16:19:29 UTC,"Cranberry Creek, Bed 5N",false,"Wisconsin, US",44.3351168545,-90.1219439437,,obscured,true,,Karner Blue,Plebejus samuelis,Karner Blue,Insecta,484122
31093901,2019-08-03,2019-08-03 19:07:00 UTC,Central Time (US & Canada),2019-08-19 01:11:48 UTC,,false,"Wisconsin, US",44.0753540247,-90.0221314939,,obscured,true,,Karner Blue,Plebejus samuelis,Karner Blue,Insecta,484122
31095145,2019-08-03,2019-08-03 19:42:00 UTC,Central Time (US & Canada),2019-08-19 01:34:58 UTC,,false,"Wisconsin, US",44.0115910928,-90.0494785718,,obscured,true,,Karner Blue,Plebejus samuelis,Karner Blue,Insecta,484122
31095584,2019-08-03,2019-08-03 20:44:00 UTC,Central Time (US & Canada),2019-08-19 01:43:30 UTC,,false,"Wisconsin, US",44.1937646193,-90.050590406,,obscured,true,,Karner Blue,Plebejus samuelis,Karner Blue,Insecta,484122
31096850,2019-08-18,2019-08-18 18:19:19 UTC,UTC,2019-08-19 02:10:37 UTC,,false,"Wisconsin, US",44.3504756381,-89.6517104133,obscured,obscured,true,,Karner Blue,Plebejus samuelis,Karner Blue,Insecta,484122
31120554,2019-08-08,2019-08-08 18:53:38 UTC,Central Time (US & Canada),2019-08-19 14:57:59 UTC,,false,"Wisconsin, US",44.7290586625,-90.8070004225,obscured,obscured,true,,Karner Blue,Plebejus samuelis,Karner Blue,Insecta,484122
31156259,2019-07-22,2019-07-22 14:17:36 UTC,UTC,2019-08-20 02:46:58 UTC,,false,"Monroe County, US-WI, US",43.8215197121,-90.7031646686,,obscured,true,,Karner Blue,Plebejus samuelis,Karner Blue,Insecta,484122
31184296,2019-08-04,,Central Time (US & Canada),2019-08-20 16:40:11 UTC,"",false,"Wisconsin, US",44.4817047801,-89.0684233471,obscured,obscured,true,,Karner Blue,Plebejus samuelis,Karner Blue,Insecta,484122
31316909,2019-08-22,2019-08-22 18:30:43 UTC,Central Time (US & Canada),2019-08-22 23:13:13 UTC,"",false,"Wisconsin, US",44.3777601667,-89.2024382596,obscured,obscured,true,,Karner Blue,Plebejus samuelis,Karner Blue,Insecta,484122
31436054,2019-08-02,2019-08-02 20:00:26 UTC,Central Time (US & Canada),2019-08-24 22:18:51 UTC,"",false,"Wisconsin, US",43.8016255796,-89.297679075,,obscured,true,,Karner Blue,Plebejus samuelis,Karner Blue,Insecta,484122
